moving_x,moving_y,reference_x,reference_y
1129.888,90.888,986.024,177.755
1130.538,204.384,986.381,253.273
1042.335,289.749,928.660,310.522
1192.194,143.900,1027.096,212.976
661.888,509.399,676.724,455.069
1024.979,512.003,917.270,457.108
1060.680,308.589,940.263,321.905
1188.765,232.168,1024.661,271.846
661.888,509.399,676.724,455.069
876.862,647.266,818.767,546.019
1358.834,680.806,1137.306,568.145
994.989,520.367,897.069,461.682
969.888,720.620,879.603,594.384
830.683,692.086,788.280,575.677
576.091,78.656,619.947,169.936
104.216,828.762,307.914,666.154
173.481,122.015,353.355,198.643
1115.658,189.455,976.582,243.037
1100.061,154.009,966.271,219.629
817.288,603.903,779.547,517.253
772.951,720.256,750.006,594.517
975.619,738.222,883.938,606.237
639.782,303.771,661.876,319.120
1152.059,76.734,1000.664,168.948
624.085,580.007,651.567,501.469
762.938,614.298,743.597,523.964
1153.568,138.065,1001.696,208.931
1057.482,283.186,938.199,305.349
668.989,496.642,681.270,445.766
1145.810,63.717,996.402,159.769
689.286,539.551,694.714,474.694
808.914,715.377,774.131,591.001
799.245,753.857,767.635,616.587
611.284,335.946,642.893,339.422
919.911,681.919,847.133,568.710
680.256,423.429,688.677,397.619
719.668,394.559,714.879,379.124
577.852,600.633,621.171,514.950
1387.858,680.548,1156.479,567.392
817.288,603.903,779.547,517.253
1129.751,690.853,985.952,574.703
948.081,453.472,865.842,417.950
1440.844,656.413,1191.780,552.582
1244.803,215.698,1062.160,260.621
900.361,778.458,833.780,632.946
589.266,351.131,628.510,349.989
800.819,434.397,768.418,405.026
852.847,20.979,802.816,132.043
830.235,590.970,787.891,508.521
1305.802,282.000,1101.739,303.719
1362.529,110.604,1139.948,191.047
1157.511,207.640,1003.918,254.940
1138.920,272.833,991.949,298.455
1021.963,117.663,914.801,195.710
1271.506,167.887,1079.638,228.933
1355.979,137.662,1135.431,208.690
625.957,654.083,652.719,550.577
829.532,573.703,787.528,497.149
763.302,665.371,743.768,557.935
1042.019,84.659,928.044,173.981
612.174,758.033,643.736,619.282
838.948,417.894,793.476,394.150
736.022,662.387,725.823,555.831
1355.979,137.662,1135.431,208.690
540.562,71.772,596.460,165.373
1450.247,613.704,1197.242,523.164
104.216,828.762,307.914,666.154
515.374,252.763,579.694,285.120
1278.273,201.325,1084.539,251.139
1129.116,225.295,985.372,267.173
649.403,323.273,668.408,331.811
1422.390,59.791,1179.442,157.464
910.997,695.486,841.395,577.710
1128.596,135.115,985.255,207.235
317.032,136.630,448.625,208.313
149.812,82.991,338.138,173.007
544.231,335.450,598.666,339.676
183.211,730.861,360.853,601.887
800.175,571.718,768.052,496.175
729.607,752.235,721.505,615.816
166.733,116.474,349.416,194.852
959.988,142.339,873.649,211.887
990.710,736.963,894.220,605.451
927.484,419.566,852.274,395.455
211.483,62.657,378.991,159.619
1198.927,291.836,1031.198,310.571
1456.602,632.136,1202.014,535.758
1385.971,149.888,1155.414,217.122
1328.098,197.811,1117.128,248.764
876.090,698.693,818.213,579.815
525.404,260.116,586.459,290.168
1432.876,638.062,1186.480,540.085
1029.459,289.116,919.653,309.271
214.027,132.626,380.679,205.713
117.181,82.383,316.555,172.456
1165.804,98.430,1009.810,183.231
1077.561,534.130,952.011,471.245
817.281,571.677,779.415,495.993
1164.561,352.789,1008.583,351.227
927.182,727.277,851.843,598.939
994.640,199.594,896.560,249.953
1082.155,328.724,954.751,335.834
1307.670,226.859,1104.046,268.009
1445.592,695.181,1195.005,577.332
1118.571,202.529,978.457,251.797
1091.755,300.744,960.780,317.196
157.497,142.158,342.858,211.429
157.497,142.158,342.858,211.429
209.002,137.623,377.104,208.784
924.097,205.067,850.107,253.496
1009.426,118.916,906.462,196.803
1273.164,135.061,1081.198,207.575
616.254,497.277,646.200,446.922
717.632,508.410,713.753,454.717
552.007,694.467,603.842,577.116
439.631,494.170,529.670,445.519
215.272,43.478,381.576,147.126
1181.723,277.669,1020.651,302.549
1233.823,223.380,1054.644,265.757
1119.241,69.278,978.574,163.696
217.293,138.658,382.797,209.562
1154.658,305.711,1002.093,319.889
747.937,499.631,733.513,447.893
489.230,190.249,562.491,243.661
660.885,81.543,675.942,171.925
927.484,419.566,852.274,395.455
695.135,264.952,697.752,292.299
1418.411,613.903,1177.456,524.157
1033.974,105.681,922.637,187.840
972.655,178.638,881.964,235.835
1242.647,239.730,1060.621,276.834
545.579,603.841,599.783,516.789
858.156,556.928,806.310,486.071
914.853,660.338,843.871,554.441
700.930,601.320,702.150,515.122
1048.173,263.328,932.051,291.907
826.361,704.944,785.466,584.019
1408.939,631.650,1170.342,535.536
869.889,682.744,814.266,569.445
1008.497,294.106,905.867,312.562
933.190,445.282,856.174,412.113
786.660,536.187,759.399,471.825
1138.242,467.635,991.395,426.896
876.389,676.023,818.397,564.992
949.600,140.781,866.851,211.121
627.618,321.945,654.218,330.911
1109.026,148.215,972.228,215.879
606.659,785.913,640.276,637.976
1127.962,383.881,984.857,371.691
1231.971,263.046,1053.620,291.453
82.101,674.589,293.326,563.983
787.919,555.002,760.218,484.690
430.522,341.144,523.914,343.588
1092.776,71.601,961.573,165.131
1304.107,211.646,1101.385,258.126
1332.532,249.694,1119.884,282.779
765.949,601.749,745.608,515.730
1202.939,127.278,1034.385,202.173
1058.992,256.001,939.566,288.455
890.914,302.414,829.569,320.522
1145.829,448.454,996.312,414.017
1037.402,254.824,924.621,286.361
1399.283,677.598,1164.038,565.982
327.404,215.375,455.559,260.541
1310.909,130.662,1105.669,204.148
1407.656,720.797,1169.716,594.092
513.313,63.755,578.183,160.171
66.001,474.994,282.548,431.681
250.131,73.015,404.440,166.454
816.215,621.161,778.793,528.481
1007.310,171.026,905.286,231.145
785.530,737.439,758.438,605.707
1202.542,67.623,1033.933,162.342
1127.433,191.007,984.069,244.471
243.808,70.567,400.272,164.685
1095.065,721.902,962.676,595.658
1032.301,560.766,921.514,487.784
303.415,134.312,439.827,206.746
992.506,149.881,894.546,215.930
691.150,663.504,696.036,556.697
1110.085,656.985,972.967,552.056
494.679,381.367,566.058,370.118
510.625,119.083,576.821,196.886
1178.439,367.695,1018.342,361.442
1377.022,158.648,1149.505,222.865
846.499,544.814,798.973,478.918
987.799,202.013,892.031,251.482
1146.100,17.017,996.711,128.907
641.335,700.349,663.227,581.488
740.545,392.095,728.873,377.324
881.938,767.436,822.484,625.272
826.428,768.642,785.537,626.540
69.740,273.453,285.212,298.800
61.169,164.030,279.917,225.871
825.914,472.798,784.969,430.755
900.710,178.371,834.526,235.362
548.078,38.940,601.470,143.333
724.718,648.412,718.269,546.699
911.813,735.038,842.056,604.003
90.477,673.350,298.903,563.063
485.624,381.728,560.048,370.551
1307.670,226.859,1104.046,268.009
88.161,830.554,297.817,666.824
1209.616,317.014,1038.812,327.617
635.816,429.193,659.260,401.707
846.499,544.814,798.973,478.918
1399.384,627.526,1164.187,532.784
1104.426,48.217,968.857,150.596
1216.145,211.764,1043.208,258.163
721.867,405.616,716.432,386.140
914.853,660.338,843.871,554.441
1188.249,15.498,1024.525,128.240
751.847,407.628,736.310,387.446
945.768,310.430,864.064,323.317
1192.799,347.275,1027.569,347.542
742.229,571.516,729.816,496.458
93.289,336.076,301.902,340.582
961.303,440.692,874.542,409.440
81.919,215.025,292.804,259.965
1146.068,37.566,996.728,142.651
1131.816,165.966,987.142,227.705
1044.624,628.501,930.082,534.499
1294.937,337.501,1095.371,341.168
1192.799,347.275,1027.569,347.542
403.661,258.863,506.338,288.563
1363.094,627.495,1140.379,532.454
631.565,570.417,656.263,494.748
1139.357,74.436,992.202,167.251
1033.750,327.400,922.806,333.783
534.951,671.472,592.965,562.222
869.475,669.276,813.826,560.370
283.105,320.658,426.110,330.030
566.763,51.418,613.847,151.896
1393.818,137.934,1160.442,208.977
146.831,132.722,336.428,205.606
1039.997,388.472,926.542,375.018
1058.992,256.001,939.566,288.455
768.767,35.299,747.160,140.913
73.942,282.386,287.942,304.883
1067.803,276.160,945.242,300.947
579.058,587.376,621.838,505.946
327.889,71.384,455.751,165.225
1183.107,11.911,1020.860,125.882
1265.812,781.542,1075.963,634.876
920.701,445.718,847.725,412.631
648.765,65.881,667.576,161.704
1092.293,335.470,961.145,340.190
279.979,141.699,424.359,211.822
1103.862,166.028,969.206,226.938
1115.980,72.975,976.736,166.154
724.650,340.510,718.211,343.256
517.028,84.312,580.774,173.853
1303.859,769.877,1101.278,627.269
272.306,141.437,419.152,211.432
1124.907,299.674,982.764,316.462
1116.558,147.764,977.258,215.709
1071.134,110.494,947.274,191.108
806.138,803.906,772.109,649.386
445.989,329.307,533.949,335.501
899.178,652.893,833.428,549.487
453.409,473.773,538.801,431.334
1160.173,122.116,1005.759,198.712
99.400,836.488,304.642,671.193
770.596,613.378,748.638,523.438
793.057,633.770,763.416,536.949
271.472,77.505,419.026,169.422
1146.066,466.270,996.635,426.645
769.961,798.528,748.303,646.173
47.194,203.826,270.425,252.695
489.751,447.482,562.826,413.838
240.709,56.558,398.570,155.512
630.196,799.363,655.546,646.834
1007.959,513.053,905.233,457.219
1011.180,496.403,907.391,446.241
692.969,648.996,697.327,547.444
987.799,202.013,892.031,251.482
949.766,302.578,867.594,318.893
1062.476,78.874,941.551,169.842
1014.896,369.906,910.121,362.606
961.873,157.791,874.741,222.103
1048.003,738.597,931.938,605.670
725.191,638.915,718.513,540.023
1068.646,669.125,945.511,561.015
1160.572,30.593,1006.302,138.236
721.867,405.616,716.432,386.140
836.278,653.610,792.161,550.595
600.562,615.902,636.186,524.832
579.058,587.376,621.838,505.946
728.022,497.600,720.428,446.809
840.519,586.579,794.779,505.931
892.697,652.043,828.992,548.765
513.280,324.130,578.473,332.453
816.656,742.644,779.107,609.593
509.702,704.328,576.021,582.886
1429.994,700.068,1184.427,580.696
1091.190,57.466,960.606,156.232
692.969,648.996,697.327,547.444
1159.732,269.817,1005.208,296.122
532.929,84.102,591.279,173.774
43.790,285.847,268.041,307.231
1125.034,721.264,982.549,595.252
1054.133,549.656,936.156,481.470
897.591,686.350,832.563,571.572
1299.788,197.517,1098.606,248.516
1159.121,161.253,1005.397,224.466
1112.344,211.640,973.883,257.253
556.127,560.341,606.650,488.228
113.389,818.950,314.175,659.722
1140.225,721.131,992.838,595.168
1419.234,631.713,1177.436,535.735
642.241,574.234,663.656,498.018
200.371,648.367,371.552,546.369
913.991,273.558,842.853,298.516
980.190,211.055,886.871,257.318
1235.978,246.041,1055.835,280.369
986.667,159.372,891.188,223.193
979.756,751.821,887.156,615.425
733.955,635.928,724.397,538.495
546.146,650.195,600.062,548.078
1164.042,79.239,1008.569,170.210
920.701,445.718,847.725,412.631
1140.068,348.742,991.662,349.563
112.380,392.012,313.180,377.082
651.606,102.351,669.963,185.709
752.708,388.806,736.713,374.877
1202.923,112.835,1034.470,192.764
422.429,308.987,518.205,322.226
867.130,786.004,812.314,637.909
88.345,487.763,297.418,440.044
1275.146,155.788,1081.825,220.739
1006.990,446.451,904.668,412.900
772.154,627.344,749.500,532.724
850.136,437.565,800.920,407.011
842.583,646.486,796.078,545.004
1022.061,368.317,914.806,361.888
1315.341,268.052,1108.355,294.707
547.984,343.275,601.111,344.931
968.742,751.933,879.769,615.440
1136.812,263.984,990.634,292.033
1432.249,664.821,1185.672,557.677
967.175,180.231,878.407,236.946
1354.342,196.300,1134.564,247.723
810.551,334.495,775.287,339.520
1087.297,58.435,957.999,156.902
1259.773,424.437,1072.148,398.640
1179.202,149.720,1018.533,216.639
1121.986,226.955,980.740,268.264
564.656,289.002,612.060,308.770
1364.094,505.363,1141.484,452.191
1373.256,673.247,1147.209,563.334
1407.514,681.252,1169.583,568.384
691.886,140.403,696.409,210.127
1083.837,361.877,955.498,357.077
795.107,715.755,764.821,591.286
606.210,741.056,639.740,607.704
732.914,727.567,723.754,599.404
1409.011,60.064,1170.737,158.117
1082.417,136.036,954.563,207.601
1301.260,117.072,1099.766,196.025
1427.185,628.027,1182.564,533.056
1159.671,95.921,1005.616,181.381
1042.783,266.165,928.476,294.012
793.187,332.682,763.291,338.227
1049.578,434.432,932.896,404.440
204.119,59.046,373.863,157.034
1465.959,632.988,1208.428,536.292
546.146,650.195,600.062,548.078
740.209,87.230,728.546,175.496
839.399,522.941,794.543,463.907
725.221,644.759,718.515,543.689
691.886,140.403,696.409,210.127
812.594,704.439,775.976,584.387
839.269,695.096,793.616,577.734
645.394,682.040,665.696,568.325
631.334,137.773,656.509,209.373
1329.431,98.198,1118.203,183.076
1008.941,40.767,906.062,145.035
1147.940,663.951,997.883,556.906
294.855,75.954,434.014,168.018
1459.909,707.238,1204.169,586.145
847.551,158.881,799.664,223.291
934.217,763.827,856.593,623.275
814.444,671.194,777.670,562.162
370.602,194.798,483.985,246.972
1099.430,686.520,965.989,572.160
988.989,649.938,893.057,547.484
483.131,191.361,558.434,244.037
694.322,425.879,698.473,399.939
1037.005,363.733,925.550,359.368
661.046,135.790,676.057,207.713
47.194,203.826,270.425,252.695
228.255,679.980,390.408,566.863
625.755,450.147,652.655,415.608
806.793,432.338,772.677,403.988
1260.179,55.412,1072.297,154.705
1168.649,365.696,1011.649,359.707
456.018,615.987,540.572,525.099
833.493,479.672,789.941,435.453
459.730,429.060,542.998,401.821
1146.395,271.415,996.954,297.747
814.470,820.899,777.348,660.955
901.514,417.122,834.986,393.580
178.362,22.253,356.883,132.561
651.969,596.171,670.053,512.322
507.457,186.292,574.548,240.874
339.833,107.838,464.329,189.178
520.361,187.988,583.224,242.210
1024.327,184.157,916.375,240.346
1136.263,282.471,990.332,305.313
233.255,395.888,393.361,380.403
346.084,346.075,468.010,346.895
740.719,601.569,728.820,515.605
862.696,649.378,809.289,547.621
667.613,575.762,680.160,498.325
962.446,122.938,875.434,199.287
1085.934,337.864,956.798,341.006
391.082,624.709,497.551,530.429
995.863,160.313,897.654,224.196
868.262,658.371,813.020,553.541
710.964,629.888,709.343,534.343
652.481,555.739,670.046,484.549
1264.285,212.810,1075.076,258.655
1359.173,202.093,1137.561,251.307
1393.818,137.934,1160.442,208.977
60.692,160.734,279.438,224.356
854.684,74.068,803.971,166.986
571.949,667.804,616.892,560.144
345.807,506.418,467.574,452.615
625.889,767.197,652.726,625.277
376.811,503.612,488.107,451.027
1049.532,470.811,932.855,429.006
67.839,233.732,284.155,272.893
506.429,324.081,573.868,332.261
643.810,174.037,664.480,232.208
1123.601,706.333,981.316,585.369
636.275,495.270,659.457,445.898
535.824,52.941,593.406,152.415
896.502,741.459,832.085,608.449
1161.767,192.033,1007.281,245.179
1076.832,297.594,951.154,315.365
500.481,349.300,569.965,348.943
629.158,468.546,655.066,427.825
691.635,573.854,696.444,497.715
219.335,415.277,383.964,392.079
1256.613,123.982,1069.834,199.655
579.855,96.204,622.288,182.121
1278.847,483.049,1084.712,437.303
454.748,660.003,539.712,554.077
736.931,659.780,726.407,554.199
728.682,395.136,720.866,379.308
1000.197,426.385,900.529,400.267
1210.559,92.121,1039.813,179.177
717.173,649.231,713.021,547.359
795.826,808.060,765.338,652.172
184.195,652.748,360.316,549.408
817.288,603.903,779.547,517.253
1026.896,622.731,917.741,530.106
648.129,188.112,667.296,242.120
967.175,180.231,878.407,236.946
836.421,397.392,792.027,380.749
969.988,146.573,880.513,214.795
958.568,301.914,872.731,317.654
538.720,576.754,594.939,498.864
1446.655,602.990,1195.524,516.535
1152.155,443.328,1000.726,411.054
679.516,166.464,688.093,227.975
368.057,32.793,482.103,139.665
614.375,548.889,645.285,480.996
833.436,546.718,790.244,479.679
29.456,298.758,258.712,316.084
36.787,297.950,263.515,314.818
824.661,21.240,784.556,131.899
1098.982,214.747,965.126,259.782
678.752,282.586,689.393,306.141
1128.508,73.469,984.957,166.194
458.357,330.345,542.299,336.357
1204.614,258.552,1034.688,288.760
565.562,703.130,612.846,582.966
166.299,83.979,349.137,173.360
41.887,547.977,266.617,479.997
1253.970,493.490,1067.099,443.950
786.951,92.034,759.503,178.606
203.924,655.330,373.644,551.181
789.213,723.496,760.770,596.558
561.145,33.547,610.078,139.875
725.221,644.759,718.515,543.689
652.354,140.417,670.319,210.824
878.202,80.710,819.818,171.066
1253.970,493.490,1067.099,443.950
1046.335,250.630,930.271,283.077
53.701,771.791,274.846,628.507
456.333,497.607,540.435,446.607
1194.929,387.684,1028.904,374.300
235.595,416.034,395.033,393.180
588.156,565.579,627.861,491.693
708.141,579.278,707.341,500.985
1182.071,257.717,1020.143,288.541
1272.373,781.292,1080.421,634.641
175.034,99.033,354.920,183.399
892.910,752.191,829.340,615.385
819.349,479.168,780.459,435.168
909.484,757.636,840.739,619.127
500.096,374.272,569.424,365.002
1152.696,101.529,1000.807,184.746
1068.928,747.355,945.716,612.158
647.572,761.630,667.307,621.351
1307.954,319.797,1103.917,329.740
184.459,177.253,361.031,234.938
540.668,703.755,596.632,583.355
1403.419,125.820,1167.173,201.301
487.148,391.740,560.980,377.099
1079.353,580.429,952.563,501.313
870.713,184.962,814.678,240.513
348.901,309.476,469.434,322.546
653.031,845.886,670.708,677.548
652.795,676.231,670.474,564.637
960.244,119.535,873.787,196.905
1422.892,710.325,1179.772,587.941
146.496,799.097,336.450,646.821
536.740,641.131,594.006,540.974
107.228,263.425,309.584,292.055
1323.171,99.786,1113.799,183.896
460.496,620.861,543.529,528.287
1366.904,698.544,1142.592,579.629
1258.477,313.100,1070.863,324.928
330.985,83.975,458.070,173.410
513.273,147.441,578.480,215.560
1313.030,246.069,1106.823,280.807
1030.589,362.454,920.992,358.628
49.665,220.814,272.128,264.247
600.507,837.872,636.056,672.198
1403.419,125.820,1167.173,201.301
58.460,401.804,277.998,384.042
935.447,312.059,857.585,324.631
654.925,485.670,671.293,436.706
977.870,124.526,885.403,200.148
1177.222,776.589,1017.154,632.004
454.748,660.003,539.712,554.077
967.973,257.960,879.159,288.855
736.944,228.281,726.328,269.017
687.788,670.016,693.525,560.820
305.217,489.880,440.646,441.043
791.205,399.917,762.629,382.679
1216.034,134.617,1043.271,207.428
1027.729,526.794,918.668,466.301
116.556,378.749,315.986,368.514
142.238,92.879,333.036,179.836
1445.169,585.107,1194.798,505.010
1154.714,664.110,1002.372,556.954
607.117,659.172,640.243,553.730
403.115,620.989,505.610,528.124
777.129,557.547,752.536,487.088
220.331,184.704,385.506,240.223
348.062,473.960,469.104,431.204
412.770,303.390,512.048,317.757
1136.263,282.471,990.332,305.313
251.600,383.535,405.352,370.638
747.026,486.274,732.960,439.745
1429.975,243.175,1184.362,278.839
1077.494,351.033,951.496,350.178
1298.236,769.939,1097.537,627.158
178.995,175.940,357.368,234.377
811.197,753.135,775.538,616.269
1015.222,140.481,910.438,211.002
962.919,473.601,875.153,431.072
1413.250,711.868,1173.348,588.676
640.397,592.201,662.519,509.651
657.297,486.095,673.641,439.404
1035.180,88.639,923.691,176.663
1186.798,50.192,1023.444,151.149
695.413,552.956,698.785,483.375
648.290,787.094,667.360,639.535
749.701,619.220,734.974,527.219
842.939,629.860,796.359,534.336
835.884,113.374,792.081,193.004
1084.136,303.819,955.799,319.755
1429.920,84.145,1184.426,173.624
45.523,71.150,269.447,165.086
635.275,791.029,659.430,641.869
822.381,543.095,783.012,476.898
1372.186,125.827,1146.127,201.189
368.409,116.378,482.569,194.808
965.989,120.792,877.844,198.133
998.692,41.122,899.271,144.936
40.066,192.112,265.472,244.866
796.132,414.512,765.616,392.174
714.619,385.486,711.547,372.844
1148.923,433.568,998.538,404.324
821.134,420.905,782.175,396.120
287.599,141.324,429.412,211.312
798.013,597.400,766.652,512.831
814.117,606.154,777.596,518.775
1018.738,601.208,912.365,515.306
1418.411,613.903,1177.456,524.157
783.174,91.560,757.238,178.362
823.287,671.993,783.495,561.594
1363.443,95.079,1140.352,180.497
865.747,193.760,811.437,245.812
1311.985,307.024,1106.649,321.103
840.160,535.562,794.513,472.277
126.849,665.388,322.992,557.854
1136.043,372.882,990.288,364.835
1274.910,223.061,1081.664,265.323
970.955,438.798,881.029,408.076
1416.504,658.171,1176.071,553.580
1122.857,216.419,981.109,261.099
319.234,29.875,449.839,137.980
230.462,543.317,391.734,476.994
21.237,191.150,253.391,244.615
501.720,189.679,570.788,243.242
883.899,53.240,823.713,152.943
353.998,345.341,472.948,346.188
900.710,178.371,834.526,235.362
752.708,388.806,736.713,374.877
766.285,394.427,745.661,378.826
538.449,34.299,594.917,140.559
518.878,632.047,581.880,536.367
1174.264,294.222,1015.754,313.460
1110.072,178.203,973.188,234.873
543.242,137.337,598.068,208.605
1088.636,320.244,958.552,329.832
1113.067,58.521,974.917,156.493
209.086,121.930,377.196,198.486
1077.216,664.214,950.871,557.060
967.149,112.886,878.885,192.948
489.841,117.948,562.942,195.845
718.214,618.966,713.843,526.950
818.324,345.605,779.962,346.419
94.421,749.247,301.417,613.949
118.188,260.234,316.960,290.151
1412.138,677.414,1172.780,565.440
277.663,132.219,422.569,205.216
1454.950,370.436,1200.752,362.654
1066.636,381.865,944.305,370.567
542.295,694.723,597.427,576.500
960.785,758.249,874.553,620.312
907.153,738.700,838.694,606.241
1219.533,313.595,1045.745,326.066
740.741,750.089,729.034,613.874
481.397,142.123,557.368,212.091
60.227,274.239,278.914,299.430
419.799,300.903,516.465,317.094
357.629,77.940,475.503,169.470
1185.321,88.595,1022.254,176.352
1212.222,155.227,1040.616,220.160
467.347,145.526,547.958,213.906
1185.654,393.212,1022.929,377.703
791.754,428.907,762.641,401.558
647.940,29.888,667.594,137.777
622.895,72.340,650.645,166.393
529.754,697.246,589.601,579.378
821.595,690.407,782.385,574.483
507.457,186.292,574.548,240.874
840.196,681.940,794.574,568.250
518.422,409.260,581.622,388.812
501.529,153.580,570.569,219.716
710.964,629.888,709.343,534.343
1390.191,115.600,1158.128,194.320
671.364,271.005,682.028,296.416
413.518,499.708,513.039,446.535
842.586,476.272,796.447,433.387
1011.180,496.403,907.391,446.241
680.118,491.230,688.507,442.719
628.748,444.368,654.995,412.303
715.390,488.748,711.709,442.711
113.891,803.734,313.717,649.333
1095.410,647.801,963.509,546.256
819.610,771.891,781.034,628.742
825.997,604.538,785.140,517.961
1387.472,85.028,1156.319,174.331
463.068,473.676,545.254,430.977
679.516,166.464,688.093,227.975
528.868,537.321,588.692,473.108
917.849,81.137,845.691,170.763
432.891,579.791,525.257,501.406
692.060,520.844,696.407,462.334
1057.781,471.597,938.288,429.917
1350.175,261.638,1131.703,290.732
258.233,74.191,409.873,166.968
357.202,311.926,475.042,324.147
381.154,151.471,490.765,218.128
758.804,37.733,741.101,142.424
443.411,495.531,532.051,446.237
1406.392,619.754,1168.988,527.792
909.734,377.946,840.261,367.794
1231.971,263.046,1053.620,291.453
496.785,484.876,567.448,438.575
1115.980,72.975,976.736,166.154
1085.659,255.147,956.870,287.364
742.975,378.726,730.300,368.379
93.456,91.792,300.716,178.189
99.743,75.118,304.829,167.887
968.016,166.410,878.752,227.876
1020.319,334.447,913.551,339.210
365.248,15.391,480.352,128.044
1356.675,234.687,1135.905,273.436
130.813,78.414,325.410,170.211
1299.689,98.164,1098.872,182.868
649.969,399.625,668.186,381.983
1455.909,321.470,1201.982,330.657
1409.011,60.064,1170.737,158.117
41.944,260.555,267.205,290.327
746.700,510.833,733.057,455.532
566.233,321.545,613.157,330.489
1174.264,294.222,1015.754,313.460
130.813,78.414,325.410,170.211
442.271,181.678,531.278,238.211
1087.731,86.226,958.079,174.842
1143.630,315.819,995.148,327.031
355.837,303.271,474.166,318.463
1374.961,53.853,1147.985,153.775
800.175,571.718,768.052,496.175
447.691,232.729,534.994,271.856
1054.311,408.683,936.010,388.096
739.641,498.541,728.206,447.876
649.470,74.425,668.599,166.918
346.999,83.773,468.451,173.766
366.583,162.028,481.354,224.941
878.190,93.089,819.618,179.076
700.984,590.105,702.547,508.203
223.888,124.128,387.307,199.533
543.242,137.337,598.068,208.605
614.826,658.383,645.481,553.078
1074.727,549.712,949.580,481.519
1194.153,15.153,1028.507,128.057
1375.035,72.209,1148.336,165.732
952.789,443.727,869.039,411.027
1115.942,627.624,976.664,532.800
1001.853,139.637,901.532,210.437
879.380,55.502,820.590,154.661
919.732,458.038,847.183,420.551
322.170,408.318,452.123,387.986
40.444,559.054,265.657,487.323
1111.333,230.976,973.574,270.685
1066.390,352.636,943.917,351.085
1078.214,51.567,951.883,152.082
1450.637,24.891,1198.085,134.377
202.581,139.160,372.790,209.976
560.266,108.304,609.272,189.419
1084.470,715.402,956.150,591.091
198.082,63.655,369.859,160.030
486.272,80.896,560.200,171.595
1042.815,468.325,928.526,427.487
889.258,754.236,826.839,616.758
568.309,457.060,614.638,419.981
877.508,552.918,819.300,482.480
1285.964,337.865,1089.360,341.077
1016.544,570.606,910.940,495.106
649.969,399.625,668.186,381.983
232.583,102.069,392.803,185.575
455.364,380.695,540.037,369.476
1410.476,490.317,1171.264,441.941
1175.900,69.815,1016.692,164.587
617.446,412.602,647.195,390.401
32.250,172.671,260.633,231.783
1453.265,586.426,1200.074,505.586
1300.406,317.750,1098.806,328.152
337.152,349.977,461.964,349.822
65.053,567.993,282.245,493.428
329.234,418.021,457.145,394.323
778.312,197.686,753.888,248.824
879.886,791.881,820.556,641.581
460.062,182.509,543.194,238.933
567.125,339.683,613.944,342.681
1063.721,761.198,942.264,621.699
383.851,120.777,492.664,197.303
544.205,373.370,598.928,364.670
748.674,454.954,733.986,419.028
618.532,817.654,647.912,658.793
1133.471,230.870,988.441,271.226
578.088,634.106,621.133,537.413
891.946,695.599,828.947,577.906
210.214,19.113,377.967,130.926
996.240,309.527,897.261,322.569
430.834,182.894,523.970,239.011
1195.064,410.201,1029.006,389.297
630.557,672.455,655.857,563.183
809.352,443.601,773.683,410.714
750.892,645.410,735.408,544.479
830.700,378.120,788.156,367.099
86.090,755.874,295.996,617.238
538.267,309.378,594.978,322.381
649.786,430.423,668.319,402.060
781.954,224.186,755.956,266.529
1074.339,243.745,949.316,279.231
978.551,117.364,885.900,194.827
937.652,298.669,858.918,315.309
691.664,186.018,696.272,240.388
532.328,33.224,591.087,140.117
228.934,432.650,390.640,403.728
79.172,294.906,291.451,313.146
863.853,170.675,810.059,230.607
592.524,70.926,631.162,164.356
657.452,143.579,673.599,213.355
748.748,778.136,734.322,632.679
669.025,134.226,681.478,207.068
1026.022,513.126,917.528,457.532
1112.422,452.882,974.156,417.493
823.287,671.993,783.495,561.594
485.015,448.075,559.719,414.744
1471.302,236.018,1211.980,274.088
65.053,567.993,282.245,493.428
973.692,155.763,883.347,221.278
670.317,245.082,682.171,280.167
508.337,148.886,575.016,216.503
787.712,404.888,760.006,385.723
529.659,367.447,588.390,361.813
1357.727,172.513,1136.845,232.500
851.196,753.859,801.502,616.266
984.243,124.344,889.860,199.983
401.950,312.129,504.591,324.494
167.197,336.845,349.429,340.893
648.876,607.176,667.954,519.354
715.009,796.207,711.965,644.374
1350.175,261.638,1131.703,290.732
317.226,499.046,449.160,447.598
332.679,212.307,459.081,258.450
904.548,710.753,836.944,587.997
1341.639,118.392,1126.271,196.266
967.016,679.546,878.763,567.327
497.094,699.308,567.829,580.226
830.642,113.862,788.385,192.934
836.155,543.018,791.797,476.913
33.479,476.861,261.398,433.582
276.057,540.972,420.180,474.624
505.314,296.354,573.118,313.830
643.013,380.207,664.840,369.763
63.867,438.885,281.667,407.395
1318.806,141.809,1111.100,211.981
970.434,445.805,880.388,412.680
399.002,614.198,502.850,524.135
1305.044,306.446,1101.946,321.018
321.346,205.153,451.307,253.580
1216.474,119.786,1043.454,196.967
283.764,47.935,426.537,149.384
497.094,699.308,567.829,580.226
1092.973,15.742,961.181,127.915
859.326,426.955,807.440,400.094
514.753,421.304,579.735,396.129
876.794,416.703,818.601,393.618
124.972,104.340,321.781,187.068
943.144,138.126,862.605,209.963
1416.504,658.171,1176.071,553.580
495.318,190.048,566.613,243.181
992.138,117.323,895.069,195.333
937.309,460.166,858.857,422.203
559.609,678.103,609.099,566.674
665.202,605.232,678.750,518.106
723.543,366.616,717.525,360.379
1403.279,600.851,1166.914,515.020
991.563,722.300,894.783,595.326
1377.510,199.894,1149.828,250.104
901.514,417.122,834.986,393.580
889.248,704.218,826.522,583.684
909.734,377.946,840.261,367.794
66.054,424.992,282.563,399.169
1412.372,179.032,1172.938,236.406
690.305,169.829,695.587,230.169
272.656,539.796,419.352,475.240
1120.345,132.491,980.077,205.422
506.020,420.485,574.042,395.609
340.279,506.834,464.068,452.861
675.201,491.444,685.256,443.083
840.819,483.880,794.943,437.614
563.402,573.988,611.781,497.349
654.148,135.146,671.640,207.334
476.576,141.837,554.142,211.355
117.354,489.589,316.756,440.963
128.755,854.245,323.935,682.249
387.987,38.766,495.469,143.525
989.316,65.190,893.178,161.150
1071.977,299.044,947.613,315.559
1004.108,477.594,902.877,433.370
1090.028,226.641,959.824,268.519
866.813,699.148,811.954,580.204
761.724,432.393,742.741,404.310
103.793,219.483,307.490,263.402
919.263,756.288,846.640,618.210
410.941,193.377,510.527,246.057
1084.394,521.340,954.485,460.561
856.198,543.654,804.991,477.326
847.380,140.569,799.253,210.715
139.044,825.078,330.811,664.218
1424.140,272.744,1181.066,298.771
1063.881,548.582,942.114,480.638
810.799,34.399,775.255,140.788
1224.407,322.544,1048.550,331.330
532.630,310.144,591.236,323.032
1168.608,67.008,1011.672,162.433
1357.803,645.389,1136.461,543.845
1011.271,576.010,907.514,498.907
1388.443,613.716,1156.312,523.891
316.779,367.942,448.619,361.314
305.217,489.880,440.646,441.043
1189.826,115.017,1025.777,194.085
642.398,528.573,663.596,467.527
1001.350,588.080,900.334,506.906
1251.392,318.078,1066.362,328.210
873.575,656.008,816.526,551.702
1095.413,437.674,963.160,407.025
88.409,312.162,297.626,324.276
60.678,763.801,279.303,623.343
839.856,38.616,794.157,143.098
595.086,122.258,632.401,199.237
33.137,588.091,260.955,506.797
96.328,82.484,302.731,172.673
575.578,391.496,619.907,377.052
1267.586,455.238,1077.057,418.609
918.689,418.331,846.530,394.471
236.711,708.568,395.646,586.767
390.529,123.051,497.216,199.360
712.851,409.793,710.145,389.041
1341.639,118.392,1126.271,196.266
267.978,540.327,416.227,475.405
1394.144,60.646,1160.559,158.064
594.853,563.582,632.467,490.125
424.689,518.701,520.085,461.452
741.236,796.196,729.288,644.303
245.487,266.633,402.153,295.401
781.234,59.294,755.836,157.696
511.525,265.831,576.917,293.696
261.394,118.612,411.914,196.278
359.969,45.981,476.808,148.780
1450.637,24.891,1198.085,134.377
443.837,289.899,532.385,309.539
347.283,284.642,468.829,306.334
1447.717,32.028,1196.327,139.312
910.852,62.277,841.408,159.605
861.746,95.748,808.976,181.097
1323.655,203.651,1114.335,253.150
1191.297,300.715,1026.461,316.518
753.734,735.959,737.445,604.527
870.166,431.960,814.309,403.829
535.581,536.915,593.247,472.989
458.620,373.145,542.155,364.470
964.000,26.229,876.231,135.115
972.718,451.420,882.372,416.530
1445.297,27.849,1194.553,136.357
1408.467,459.399,1169.076,422.578
746.851,518.702,732.656,461.228
75.718,493.639,288.976,444.488
583.898,589.473,625.176,507.845
1039.375,532.117,926.220,469.710
850.375,661.070,800.937,554.977
410.941,193.377,510.527,246.057
205.795,500.617,375.215,448.583
1401.997,697.930,1165.950,579.525
99.567,126.007,304.951,201.173
583.777,597.052,625.093,513.098
330.263,491.173,457.575,442.617
1189.826,115.017,1025.777,194.085
1270.470,43.931,1078.981,147.155
774.058,834.019,750.477,669.737
1337.161,196.370,1123.255,247.642
45.078,152.785,268.715,219.674
740.587,506.975,728.839,453.158
1441.922,33.371,1192.262,139.935
49.725,536.546,272.336,472.810
307.995,527.742,442.537,466.525
653.908,13.926,671.409,127.309
971.735,191.718,881.655,244.685
127.789,417.275,323.565,394.064
1276.561,43.868,1083.033,146.725
876.346,107.990,818.284,188.938
298.145,381.529,436.217,370.657
1012.277,668.969,908.274,559.791
1253.092,48.575,1067.401,150.440
524.587,316.946,585.909,327.654
473.179,494.862,551.680,444.927
228.696,137.906,390.312,209.459
143.764,759.663,334.320,619.875
330.985,83.975,458.070,173.410
346.289,536.490,468.182,472.722
409.285,315.622,509.809,326.887
1024.530,153.922,916.330,218.851
86.090,755.874,295.996,617.238
401.950,312.129,504.591,324.494
209.157,722.114,377.276,595.644
1160.713,61.122,1005.989,157.803
117.224,100.307,316.346,184.543
802.938,732.773,769.690,602.091
1191.870,640.766,1026.952,541.641
1009.116,539.762,906.075,474.376
971.785,473.880,881.429,430.925
1173.367,151.718,1014.991,218.313
911.573,650.069,841.889,547.792
895.294,89.615,831.020,177.210
714.567,636.245,711.851,538.820
958.272,456.723,872.539,420.778
250.859,561.343,405.004,489.211
598.085,659.866,634.704,553.777
887.228,552.380,825.685,483.504
793.265,792.963,763.613,642.508
101.646,243.594,306.205,279.250
659.787,125.015,675.695,200.813
167.315,455.319,349.525,418.891
746.595,85.896,732.713,174.169
838.728,807.119,793.484,651.829
43.436,220.907,267.869,264.218
1042.655,302.086,928.432,317.975
49.725,536.546,272.336,472.810
793.206,617.367,763.297,525.872
1073.042,658.167,948.355,552.700
70.621,422.137,285.604,396.669
329.540,63.701,456.789,159.865
362.032,52.891,478.472,153.117
781.246,823.213,755.705,662.683
1082.887,772.214,954.693,629.246
1377.510,199.894,1149.828,250.104
1299.728,12.891,1098.403,126.702
706.033,604.052,706.031,517.371
337.912,62.971,462.151,159.697
460.062,365.090,543.299,359.515
944.442,125.258,863.538,201.342
1058.267,414.186,938.640,391.668
1016.256,445.438,911.205,412.997
299.812,530.847,437.483,469.573
822.250,561.595,782.823,489.231
572.435,846.480,617.571,677.282
368.491,322.167,482.679,330.690
437.898,343.059,528.825,344.568
410.371,213.250,509.294,258.179
295.349,27.669,434.367,136.206
607.410,516.977,639.927,460.031
508.564,366.219,575.191,359.806
1131.028,24.996,986.468,133.863
421.692,189.416,517.937,243.102
1000.345,70.676,900.427,164.609
23.970,669.919,255.319,561.008
575.510,655.907,619.408,551.460
758.804,37.733,741.101,142.424
962.646,365.334,875.183,359.594
355.139,454.935,473.489,418.839
963.998,736.457,875.873,604.887
556.564,708.839,606.956,587.013
683.981,165.650,691.203,227.368
747.602,229.914,733.280,269.480
1140.081,194.063,992.670,246.128
850.375,661.070,800.937,554.977
1359.324,379.329,1137.908,368.694
1369.021,675.415,1144.028,564.304
923.656,67.294,848.767,161.833
305.271,683.818,442.012,570.492
86.008,158.629,295.976,222.479
842.150,422.529,796.061,396.624
762.158,810.759,743.376,654.134
733.196,604.208,723.988,517.921
299.812,530.847,437.483,469.573
468.245,373.955,548.808,365.468
1182.167,93.993,1020.818,180.340
1039.375,532.117,926.220,469.710
686.595,650.772,693.076,548.523
646.397,267.672,666.351,294.882
431.842,541.316,524.455,476.005
971.003,298.559,881.085,315.763
83.624,46.833,294.260,148.998
1253.797,523.636,1067.924,464.483
1017.969,19.538,911.980,131.107
1365.036,102.312,1141.464,185.179
87.326,116.547,296.638,195.717
1407.656,720.797,1169.716,594.092
807.293,570.278,772.838,495.219
360.152,300.138,477.298,316.362
682.502,618.000,690.292,526.485
561.359,605.475,610.256,518.197
449.218,146.962,536.129,215.278
1262.164,63.818,1073.392,159.630
1308.391,165.136,1104.642,227.349
525.011,473.306,585.872,431.555
1062.807,334.031,941.526,338.806
975.201,753.839,883.624,616.484
1280.172,493.938,1085.204,444.842
816.196,543.358,778.863,477.434
214.786,716.096,381.254,592.171
1381.298,620.632,1152.217,527.945
921.757,663.557,848.376,557.307
232.168,483.281,392.389,437.684
1107.081,265.205,970.879,294.343
19.216,835.562,252.031,670.060
862.916,42.806,809.450,146.210
524.718,534.714,585.514,471.424
1142.648,732.356,994.686,602.796
1193.605,377.471,1028.143,368.021
1178.784,22.598,1018.422,132.949
660.259,689.412,675.548,573.745
902.932,702.343,836.052,582.161
279.674,435.395,423.962,405.758
1374.272,163.811,1147.399,226.054
233.255,395.888,393.361,380.403
787.533,785.505,759.968,637.460
445.717,575.813,534.025,499.011
445.037,157.996,533.034,222.418
176.868,832.047,355.927,666.908
734.034,83.308,724.492,173.441
1097.990,378.411,965.281,368.496
1187.917,640.833,1024.095,541.511
1130.299,295.587,986.223,313.301
700.936,402.895,702.498,384.620
841.513,441.191,795.370,409.450
224.543,655.810,387.928,550.572
168.997,840.065,351.354,673.107
687.662,621.507,693.513,528.759
1221.926,116.574,1046.507,194.859
907.038,643.256,838.824,543.331
662.326,484.405,676.828,438.030
999.951,455.355,899.297,418.226
192.542,51.306,366.198,151.957
649.312,615.573,668.145,524.914
205.123,172.321,375.169,233.019
299.253,73.848,436.875,167.323
552.007,694.467,603.842,577.116
785.322,222.276,758.485,265.492
893.441,430.054,830.068,402.150
817.322,285.942,779.068,307.165
705.424,560.983,705.493,488.810
1154.658,305.711,1002.093,319.889
1106.049,439.280,970.334,408.656
1155.007,727.346,1002.894,599.221
892.910,752.191,829.340,615.385
317.798,414.736,449.656,392.414
767.766,174.561,746.476,233.169
991.563,722.300,894.783,595.326
841.297,757.122,795.201,618.734
1436.410,34.052,1188.522,140.697
332.797,35.443,458.922,141.438
463.461,103.245,545.582,186.591
861.750,687.024,808.499,572.062
1142.014,117.779,994.552,196.405
797.559,633.409,766.481,536.532
1164.430,533.212,1009.314,470.555
28.589,700.483,258.216,581.406
1024.374,72.823,916.184,165.900
1307.516,254.182,1103.834,286.116
661.986,682.047,676.665,568.612
383.864,351.645,492.790,350.667
814.676,398.658,777.857,381.372
571.100,600.059,616.378,515.418
1080.516,596.437,953.166,512.181
700.936,402.895,702.498,384.620
768.351,293.428,747.171,311.906
779.707,85.337,754.713,174.204
451.785,359.688,537.563,355.690
1254.754,224.702,1068.582,265.961
1078.023,107.267,951.400,188.291
1144.360,218.827,995.683,262.618
1198.326,599.269,1031.522,513.865
251.733,372.811,405.479,364.281
344.635,560.733,466.400,488.422
1075.590,363.959,950.066,358.497
466.176,280.690,547.452,304.148
1197.570,634.736,1031.310,538.198
766.904,82.985,746.202,173.055
337.130,554.162,461.846,484.456
690.616,556.887,695.627,486.391
64.578,58.256,281.775,156.682
280.450,442.311,424.572,410.441
1422.391,178.239,1179.290,235.940
1108.092,745.792,971.366,611.219
819.143,57.948,780.777,156.660
1074.343,273.398,949.555,299.544
1363.106,234.837,1140.256,273.418
1368.199,652.147,1143.867,548.845
108.509,88.769,311.023,176.681
1042.524,36.907,928.088,142.286
1342.056,250.998,1125.948,283.803
799.801,111.614,768.352,192.525
203.174,594.114,373.156,510.931
964.000,26.229,876.231,135.115
1029.205,294.549,919.750,313.164
799.073,352.153,767.043,350.936
836.857,362.029,792.142,357.074
948.157,678.508,866.355,566.212
1041.942,320.653,927.925,330.391
1028.620,257.917,918.870,288.548
994.570,71.090,896.487,165.407
1069.446,227.941,945.989,268.965
1377.201,641.262,1149.601,541.711
79.833,353.609,291.827,351.746
1309.049,106.932,1104.906,188.778
1177.324,109.076,1017.300,189.789
919.493,188.894,846.991,242.867
345.916,97.212,467.553,182.406
882.944,695.766,823.580,578.536
225.820,677.831,388.525,566.115
461.723,96.668,544.243,182.083
945.818,384.802,864.536,372.638
935.064,412.961,857.189,390.868
678.636,555.183,687.617,484.892
484.444,273.014,559.196,298.446
964.201,695.132,876.663,577.580
1374.439,777.440,1146.869,631.450
715.464,476.348,712.076,432.798
728.508,715.801,720.694,591.502
1347.601,73.983,1129.605,166.791
597.908,429.367,633.709,401.384
335.216,239.085,460.675,275.909
69.226,250.761,284.909,283.933
468.878,133.410,549.099,206.207
827.157,504.141,785.852,451.005
